{"global_step": 72, "_timestamp": 1733921070.5201662, "Episode/rew_action_smoothness": -0.0029064270202070475, "Episode/rew_base_acc": 0.001008795341476798, "Episode/rew_base_height": 2.952805161476264e-17, "Episode/rew_collision": -0.00041740044252946973, "Episode/rew_default_joint_pos": 0.0011225217022001743, "Episode/rew_dof_acc": -0.015287695452570915, "Episode/rew_dof_vel": -0.009623521938920021, "Episode/rew_feet_air_time": 4.093097959412262e-05, "Episode/rew_feet_clearance": 0.0006524497293867171, "Episode/rew_feet_contact_forces": -5.2709769988723565e-06, "Episode/rew_feet_contact_number": 0.01930396817624569, "Episode/rew_feet_distance": 0.007388092577457428, "Episode/rew_foot_slip": -0.0016666853334754705, "Episode/rew_joint_pos": -0.006341523490846157, "Episode/rew_knee_distance": 0.006937090773135424, "Episode/rew_low_speed": -0.0077949161641299725, "Episode/rew_orientation": 0.0038388753309845924, "Episode/rew_torques": -0.00011184684990439564, "Episode/rew_track_vel_hard": -0.007754570804536343, "Episode/rew_tracking_ang_vel": 0.009951023384928703, "Episode/rew_tracking_lin_vel": 0.014377681538462639, "Episode/rew_vel_mismatch_exp": 0.005961166229099035, "Loss/value_function": 0.0168828833848238, "Loss/surrogate": 0.0002764294622465968, "Loss/learning_rate": 0.0065684085711836815, "Policy/mean_noise_std": 0.955984890460968, "Perf/total_fps": 67111.0, "Perf/collection time": 3.2087862491607666, "Perf/learning_time": 0.4531707763671875, "Train/mean_reward": 0.9331763982772827, "Train/mean_episode_length": 106.52999877929688, "_runtime": 78.41896605491638, "_step": 7, "Train/mean_reward/time": 0.9331763982772827, "Train/mean_episode_length/time": 106.52999877929688, "_wandb": {"runtime": 87}}